{
  "components/dropdowns": "/components/menus",
  "quick-start": "/getting-started/installation",
  "vuetify/quick-start": "/getting-started/installation",
  "getting-started/quick-start/": "/getting-started/installation",
  "motion": "/styles/transitions",
  "components/sidebars": "/components/navigation-drawers",
  "components/v-navigation-drawer": "/components/navigation-drawers",
  "components/collapsible": "/components/expansion-panels",
  "components/navbars": "/components/toolbars",
  "components/toasts": "/components/snackbars",
  "components/carousel": "/components/carousels",
  "components/datatables": "/components/data-tables/basics",
  "components/expansion-panel": "/components/expansion-panels",
  "components/footer": "/components/footers",
  "directives/badges": "/components/badges",
  "vuetify/why-vuetify": "/getting-started/why-vuetify",
  "vuetify/frequently-asked-questions": "/getting-started/frequently-asked-questions",
  "vuetify/sponsors-and-backers": "/introduction/sponsors-and-backers",
  "getting-started/releases-and-migrations/": "/getting-started/upgrade-guide",
  "vuetify/releases-and-migrations": "/getting-started/upgrade-guide",
  "vuetify/contributing": "/getting-started/contributing",
  "vuetify/roadmap": "/getting-started/roadmap",
  "vuetify/a-la-carte": "/features/treeshaking",
  "getting-started/a-la-carte": "/features/treeshaking",
  "guides/a-la-carte": "/features/treeshaking",
  "customization/a-la-carte": "/features/treeshaking",
  "pre-made-themes": "/resources/themes",
  "layout/pre-made-themes": "/resources/themes",
  "themes/premium": "/resources/themes",
  "layout/grid": "/components/grids",
  "layout/pre-defined": "/getting-started/wireframes",
  "getting-started/pre-made-layouts": "/getting-started/wireframes",
  "layout/breakpoints": "/features/display-and-platform",
  "layout/aspect-ratios": "/components/aspect-ratios",
  "layout/spacing": "/styles/spacing",
  "layout/alignment": "/styles/alignment",
  "layout/display": "/styles/display",
  "layout/elevation": "/styles/elevation",
  "style/colors": "/styles/colors",
  "style/theme": "/customization/theme",
  "style/typography": "/styles/text-and-typography",
  "styles/typography": "/styles/text-and-typography",
  "styles/text": "/styles/text-and-typography",
  "style/content": "/styles/content",
  "motion/scroll": "/customization/scrolling",
  "styles/scroll": "/customization/scrolling",
  "motion/transitions": "/styles/transitions",
  "components/form": "/components/forms",
  "components/selection-controls": "/components/checkboxes",
  "components/slide-toggles": "/components/switches",
  "components/buttons-and-indicators": "/components/buttons",
  "framework/pre-defined": "/getting-started/pre-made-layouts",
  "framework/pre-made": "/getting-started/pre-made-layouts",
  "framework/pre-defined-layouts": "/getting-started/pre-made-layouts",
  "components/data-iterator": "/components/data-iterators",
  "framework/a-la-carte": "/customization/a-la-carte",
  "framework/grid": "/components/grids",
  "framework/application": "/components/application",
  "framework/breakpoints": "/features/display-and-platform",
  "framework/icons": "/customization/icons",
  "framework/i18n": "/customization/internationalization",
  "framework/theme": "/customization/theme",
  "framework/scroll": "/customization/scrolling",
  "framework/aspect-ratios": "/components/aspect-ratios",
  "framework/pre-made-layouts": "/getting-started/pre-made-layouts",
  "framework/colors": "/styles/colors",
  "framework/content": "/styles/content",
  "framework/typography": "/styles/typography",
  "framework/display": "/styles/display",
  "framework/elevation": "/styles/elevation",
  "framework/spacing": "/styles/spacing",
  "styles/alignment": "/styles/text",
  "framework/text-alignment": "/styles/text-and-typography",
  "styles/text-alignment": "/styles/text-and-typography",
  "framework/transitions": "/styles/transitions",
  "customizing/sandbox": "/customization/sandbox",
  "customizing/a-la-carte": "/customization/a-la-carte",
  "customizing/breakpoints": "/features/display-and-platform",
  "customizing/theme": "/customization/theme",
  "customizing/icons": "/customization/icons",
  "customizing/i18n": "/customization/internationalization",
  "getting-started/why-vuetify": "/introduction/why-vuetify",
  "getting-started/meet-the-team": "/about/meet-the-team",
  "getting-started/sponsors-and-backers": "/introduction/sponsors-and-backers",
  "getting-started/roadmap": "/introduction/roadmap",
  "getting-started/long-term-support": "/introduction/long-term-support",
  "getting-started/consulting-and-support": "/introduction/enterprise-support",
  "getting-started/support/enterprise": "/introduction/enterprise-support",
  "components/textarea": "/components/textareas",
  "components/virtual-scrollers": "/components/virtual-scroller",
  "directives/resizing": "/directives/resize",
  "directives/ripples": "/directives/ripple",
  "directives/scrolling": "/directives/scroll",
  "directives/touch-support": "/directives/touch",
  "introduction/frequently-asked-questions": "/getting-started/frequently-asked-questions",
  "professional-support/consulting": "/introduction/enterprise-support",
  "professional-support/enterprise": "/introduction/enterprise-support",
  "introduction/support": "/introduction/enterprise-support",
  "introduction/enterprise": "/introduction/enterprise-support",
  "introduction/consulting": "/introduction/enterprise-support",
  "customization/accessibility": "/features/accessibility",
  "customization/rtl": "/features/bidirectionality",
  "features/rtl": "/features/bidirectionality",
  "features/breakpoints": "/features/display-and-platform",
  "features/bidirectionality": "/features/internationalization",
  "customization/bidirectionality": "/features/bidirectionality",
  "customization/breakpoints": "/features/display-and-platform",
  "customization/global-config": "/features/global-config",
  "customization/scrolling": "/features/scrolling",
  "customization/icons": "/features/icon-fonts",
  "customization/internationalization": "/features/internationalization",
  "customization/presets": "/features/presets",
  "customization/sass-variables": "/features/sass-variables",
  "customization/theme": "/features/theme",
  "about/sponsors-and-backers": "/introduction/sponsors-and-backers",
  "components/application": "/features/application-layout",
  "components/simple-tables": "/components/tables",
  "components/data-tables": "/components/data-tables/basics",
  "components/date-pickers-month": "/introduction/roadmap",
  "components/overflow-btns": "/introduction/roadmap",
  "components/server-side-data-tables": "/components/data-tables/server-side-tables",
  "components/virtual-data-tables": "/components/data-tables/virtual-tables",
  "api/v-click-outside": "/api/v-click-outside-directive",
  "api/v-intersect": "/api/v-intersect-directive",
  "api/v-mutate": "/api/v-mutate-directive",
  "api/v-resize": "/api/v-resize-directive",
  "api/v-ripple": "/api/v-ripple-directive",
  "api/v-scroll": "/api/v-scroll-directive",
  "api/v-touch": "/api/v-touch-directive"
}
