{
  "components/alerts": ["VAlert", "VAlertTitle"],
  "components/app-bars": [
    "VAppBar",
    "VAppBarNavIcon",
    "VAppBarTitle"
  ],
  "components/application": [
    "VApp",
    "VLayout",
    "VLayoutItem",
    "VMain"
  ],
  "components/aspect-ratios": ["VResponsive"],
  "components/autocompletes": ["VAutocomplete"],
  "components/avatars": ["VAvatar"],
  "components/badges": ["VBadge"],
  "components/banners": [
    "VBanner",
    "VBannerActions",
    "VBannerText"
  ],
  "components/bottom-navigation": ["VBottomNavigation"],
  "components/bottom-sheets": ["VBottomSheet"],
  "components/breadcrumbs": [
    "VBreadcrumbs",
    "VBreadcrumbsDivider",
    "VBreadcrumbsItem"
  ],
  "components/button-groups": [
    "VBtn",
    "VBtnGroup",
    "VBtnToggle"
  ],
  "components/buttons": [
    "VBtn",
    "VBtnGroup",
    "VBtnToggle"
  ],
  "components/calendars": [
    "VCalendar",
    "VCalendarDay",
    "VCalendarHeader",
    "VCalendarInterval",
    "VCalendarIntervalEvent",
    "VCalendarMonthDay"
  ],
  "components/cards": [
    "VCard",
    "VCardActions",
    "VCardItem",
    "VCardSubtitle",
    "VCardText",
    "VCardTitle"
  ],
  "components/carousels": ["VCarousel", "VCarouselItem"],
  "components/checkboxes": ["VCheckbox", "VCheckboxBtn"],
  "components/chip-groups": ["VChip", "VChipGroup"],
  "components/chips": ["VChip", "VChipGroup"],
  "components/color-pickers": ["VColorPicker"],
  "components/confirm-edit": ["VConfirmEdit"],
  "components/combobox": ["VCombobox"],
  "components/data-iterators": ["VDataIterator"],
  "components/data-tables": [
    "VDataTable",
    "VDataTableFooter",
    "VDataTableRow",
    "VDataTableRows",
    "VDataTableServer",
    "VDataTableVirtual"
  ],
  "components/date-inputs": ["VDateInput", "VDatePicker"],
  "components/date-pickers-month": ["VDatePicker"],
  "components/date-pickers": ["VDatePicker", "VDateInput"],
  "components/defaults-providers": ["VDefaultsProvider"],
  "components/dialogs": ["VDialog", "VOverlay"],
  "components/dividers": ["VDivider"],
  "components/empty-states": ["VEmptyState"],
  "components/expansion-panels": [
    "VExpansionPanel",
    "VExpansionPanels",
    "VExpansionPanelText",
    "VExpansionPanelTitle"
  ],
  "components/file-inputs": ["VFileInput"],
  "components/floating-action-buttons": ["VFab"],
  "components/footers": ["VFooter"],
  "components/forms": ["VForm"],
  "components/grids": ["VCol", "VContainer", "VRow", "VSpacer"],
  "components/hover": ["VHover"],
  "components/icons": ["VIcon"],
  "components/images": ["VImg"],
  "components/infinite-scroller": ["VInfiniteScroll"],
  "components/inputs": ["VInput"],
  "components/item-groups": ["VItem", "VItemGroup"],
  "components/lazy": ["VLazy"],
  "components/lists": [
    "VList",
    "VListGroup",
    "VListItem",
    "VListItemAction",
    "VListItemMedia",
    "VListItemSubtitle",
    "VListItemTitle",
    "VListSubheader",
    "VListImg"
  ],
  "components/locale-providers": ["VLocaleProvider"],
  "components/menus": ["VMenu"],
  "components/navigation-drawers": ["VNavigationDrawer"],
  "components/no-ssr": ["VNoSsr"],
  "components/otp-input": ["VOtpInput"],
  "components/overflow-btns": ["VOverflowBtn"],
  "components/overlays": ["VOverlay"],
  "components/paginations": ["VPagination"],
  "components/parallax": ["VParallax"],
  "components/progress-circular": ["VProgressCircular"],
  "components/progress-linear": ["VProgressLinear"],
  "components/radio-buttons": ["VRadio", "VRadioGroup"],
  "components/range-sliders": ["VRangeSlider", "VSlider"],
  "components/ratings": ["VRating"],
  "components/selects": ["VSelect"],
  "components/sheets": ["VSheet"],
  "components/simple-tables": ["VSimpleTable"],
  "components/skeleton-loaders": ["VSkeletonLoader"],
  "components/slide-groups": ["VSlideGroup", "VSlideGroupItem"],
  "components/sliders": ["VRangeSlider", "VSlider"],
  "components/snackbars": ["VSnackbar"],
  "components/snackbar-queue": ["VSnackbarQueue", "VSnackbar"],
  "components/sparklines": ["VSparkline"],
  "components/steppers": [
    "VStepper",
    "VStepperHeader",
    "VStepperItem",
    "VStepperWindow",
    "VStepperWindowItem"
  ],
  "components/switches": ["VSwitch"],
  "components/system-bars": ["VSystemBar"],
  "components/tables": ["VTable"],
  "components/tabs": ["VTabs", "VTab"],
  "components/text-fields": ["VTextField"],
  "components/textareas": ["VTextarea"],
  "components/theme-providers": ["VThemeProvider"],
  "components/time-pickers": ["VTimePicker"],
  "components/timelines": ["VTimeline", "VTimelineItem"],
  "components/toolbars": ["VToolbar", "VToolbarItems", "VToolbarTitle"],
  "components/tooltips": ["VTooltip"],
  "components/treeview": [
    "VTreeview",
    "VTreeviewItem",
    "VTreeviewChildren",
    "VTreeviewGroup"
  ],
  "components/virtual-scroller": ["VVirtualScroll"],
  "components/windows": ["VWindow", "VWindowItem"],
  "directives/click-outside": ["v-click-outside"],
  "directives/intersect": ["v-intersect"],
  "directives/mutate": ["v-mutate"],
  "directives/resize": ["v-resize"],
  "directives/ripple": ["v-ripple"],
  "directives/scroll": ["v-scroll"],
  "directives/touch": ["v-touch"],
  "directives/tooltip": ["v-tooltip"],
  "features/dates": ["useDate"],
  "features/display-and-platform": ["useDisplay"],
  "features/scrolling": ["useGoTo"],
  "features/global-configuration": ["VDefaultsProvider"],
  "features/internationalization": ["useLocale", "VLocaleProvider"],
  "features/theme": ["VThemeProvider"],
  "styles/transitions": [
    "VDialogBottomTransition",
    "VDialogTopTransition",
    "VDialogTransition",
    "VExpandTransition",
    "VExpandXTransition",
    "VFabTransition",
    "VFadeTransition",
    "VScaleTransition",
    "VScrollXTransition",
    "VScrollXReverseTransition",
    "VScrollYTransition",
    "VScrollYReverseTransition",
    "VSlideXTransition",
    "VSlideXReverseTransition",
    "VSlideYTransition",
    "VSlideYReverseTransition"
  ]
}
