{
  "johnleider": {
    "discord": "johnleider",
    "focus": [
      "[vuetifyjs/*](https://github.com/vuetifyjs)"
    ],
    "funding": [
      "[GitHub Sponsors](https://github.com/sponsors/johnleider)",
      "[Patreon](https://patreon.com/vuetify)",
      "[Paypal](https://paypal.me/vuetify)"
    ],
    "languages": [
      "English"
    ],
    "linkedin": "john-leider-626183a2",
    "location": "Keller, TX, USA",
    "name": "John Leider",
    "team": "company",
    "twitter": "zeroskillz",
    "work": "Engineer @ Vuetify",
    "joined": "Jun 2016"
  },
  "heatherleider": {
    "discord": "heatherleider",
    "focus": [
      "[vuetifyjs/*](https://github.com/vuetifyjs)"
    ],
    "languages": [
      "English"
    ],
    "location": "Keller, TX, USA",
    "name": "Heather Leider",
    "team": "company",
    "twitter": "grneyedgrl01",
    "work": "COO @ Vuetify",
    "joined": "Nov 2019"
  },
  "alexandriajackson": {
    "avatar": "https://cdn.vuetifyjs.com/docs/images/team/alexandria.jpg",
    "discord": "alexandriajackson_",
    "focus": [
      "vuetifyjs/*"
    ],
    "languages": [
      "English"
    ],
    "location": "Dallas, TX, USA",
    "name": "Alexandria Jackson",
    "team": "company",
    "twitter": "AlexxJackson96",
    "work": "Marketing Coordinator @ Vuetify",
    "joined": "Sept 2023"
  },
  "KaelWD": {
    "discord": "kaelwd",
    "focus": [
      "[vuetifyjs/*](https://github.com/vuetifyjs)",
      "[vuetify-loader](https://github.com/vuetifyjs/vuetify-loader)",
      "[eslint-plugin-vuetify](https://github.com/vuetifyjs/eslint-plugin-vuetify)"
    ],
    "funding": [
      "[GitHub Sponsors](https://github.com/sponsors/kaelwd)",
      "[Patreon](https://patreon.com/kaelwd)",
      "[Open Collective](https://opencollective.com/vuetify)"
    ],
    "languages": [
      "English"
    ],
    "location": "Melbourne, Australia",
    "name": "Kael Watts-Deuchar",
    "team": "core",
    "twitter": "kaelwd",
    "joined": "Oct 2017"
  },
  "nekosaur": {
    "discord": ".nekosaur",
    "languages": [
      "Swedish",
      "English"
    ],
    "location": "Malmö, Sweden",
    "name": "Albert Kaaman",
    "team": "legends",
    "joined": "Jun 2017"
  },
  "MajesticPotatoe": {
    "discord": "majesticpotatoe",
    "focus": [
      "[vuetifyjs](https://github.com/vuetifyjs)",
      "[vuetifyjs/docs](https://github.com/vuetifyjs/vuetify/tree/master/packages/docs)"
    ],
    "funding": [
      "[GitHub Sponsors](https://github.com/sponsors/majesticpotatoe)",
      "[Open Collective](https://opencollective.com/vuetify)"
    ],
    "languages": [
      "English"
    ],
    "linkedin": "andrew-henry-01049830",
    "location": "Rochester, NY, USA",
    "name": "Andrew Henry",
    "team": "core",
    "twitter": "SeeMWhyK",
    "joined": "Dec 2018"
  },
  "blalan05": {
    "discord": "blalan05",
    "focus": [
      "[vuetifyjs](https://github.com/vuetifyjs)"
    ],
    "languages": [
      "English"
    ],
    "linkedin": "blalan05",
    "location": "Wisconsin, USA",
    "name": "Blaine Landowski",
    "team": "core",
    "work": "CEO at Foundational Technologies LLC",
    "joined": "Feb 2021"
  },
  "elvinagarcia": {
    "avatar": "https://cdn.vuetifyjs.com/docs/images/team/elvinagarcia.png",
    "discord": "elvinagarcia",
    "focus": [
      "Design/Animations"
    ],
    "languages": [
      "English"
    ],
    "location": "Virginia, USA",
    "name": "Elvina Garcia",
    "team": "core",
    "joined": "Feb 2023"
  },
  "yuwu9145": {
    "discord": "yuwu9145",
    "focus": [
      "[vuetifyjs](https://github.com/vuetifyjs)"
    ],
    "languages": [
      "English",
      "Chinese(Mandarin)"
    ],
    "location": "Melbourne, Australia",
    "name": "Yuchao Wu",
    "team": "core",
    "joined": "Mar 2023"
  },
  "userquin": {
    "discord": "userquin",
    "focus": [
      "[vuetifyjs/create](https://github.com/vuetifyjs/create)",
      "[Nuxt](https://github.com/userquin/vuetify-nuxt-module)"
    ],
    "languages": [
      "Spanish",
      "English"
    ],
    "location": "Madrid, Spain",
    "name": "Joaquín Sánchez",
    "twitter": "userquin",
    "team": "core",
    "joined": "Mar 2024"
  },
  "kieuminhcanh": {
    "discord": "kieuminhcanh",
    "focus": [
      "[vuetifyjs/studio](https://github.com/vuetifyjs/studio)"
    ],
    "funding": [
      "[GitHub Sponsors](https://github.com/sponsors/kieuminhcanh)",
      "[Patreon](https://patreon.com/kieuminhcanh)",
      "[Open Collective](https://opencollective.com/vuetify)"
    ],
    "languages": [
      "English",
      "Vietnamese"
    ],
    "location": "California, US",
    "name": "Ken Kieu",
    "team": "core",
    "twitter": "kieuminhcanh",
    "joined": "April 2024"
  },
  "jacekkarczmarczyk": {
    "discord": "jacek#3542",
    "languages": [
      "Polish",
      "English"
    ],
    "location": "Warsaw, Poland",
    "name": "Jacek Karczmarczyk",
    "team": "legends"
  },
  "chewy94": {
    "avatar": "https://cdn.vuetifyjs.com/docs/images/team/chewy94.jpg",
    "discord": "Sean Kimball#0001",
    "languages": [
      "English"
    ],
    "linkedin": "sean-kimball-b50922126",
    "location": "Goodyear, Arizona, USA",
    "name": "Sean Kimball",
    "team": "legends"
  },
  "bdeo": {
    "avatar": "https://cdn.vuetifyjs.com/docs/images/team/bdeo.jpg",
    "discord": "brandondeo#0001",
    "languages": [
      "English"
    ],
    "linkedin": "brandondeo",
    "location": "Philadelphia, PA, USA",
    "name": "Brandon Deo",
    "team": "legends"
  },
  "ElijahKotyluk": {
    "avatar": "https://cdn.vuetifyjs.com/docs/images/team/ElijahKotyluk.jpg",
    "discord": "edk#4363",
    "languages": [
      "English"
    ],
    "location": "USA",
    "name": "Elijah Kotyluk",
    "team": "legends"
  },
  "santiagoaloi": {
    "avatar": "https://cdn.vuetifyjs.com/docs/images/team/santiagoaloi.jpg",
    "discord": "lannnister",
    "languages": [
      "Swedish",
      "English",
      "Spanish"
    ],
    "linkedin": "santiagoaloi",
    "location": "Stockholm, Sweden",
    "name": "Santiago Aloi",
    "team": "legends",
    "joined": "Feb 2023"
  },
  "yooneskh": {
    "avatar": "https://cdn.vuetifyjs.com/docs/images/team/yooneskh.png",
    "discord": "YoonesKh#7826",
    "languages": [
      "English",
      "Persian"
    ],
    "twitter": "yooneskh",
    "linkedin": "yooneskh ",
    "location": "Iran",
    "name": "Yoones Khoshghadam",
    "team": "legends",
    "joined": "January 2023"
  }
}
